[
  {
    "id": "23078445-2429-4bde-a274-20ce4b8fcb80",
    "data": [
      {
        "text": "what is your name",
        "userDefined": false
      }
    ],
    "isTemplate": false,
    "count": 0,
    "updated": 0
  },
  {
    "id": "ca55efab-5e00-4671-9e7d-7ed412cd9f80",
    "data": [
      {
        "text": "search",
        "userDefined": false
      }
    ],
    "isTemplate": false,
    "count": 0,
    "updated": 0
  },
  {
    "id": "bc1979b2-e731-4549-974e-32f8fafe8212",
    "data": [
      {
        "text": "call",
        "userDefined": false
      }
    ],
    "isTemplate": false,
    "count": 0,
    "updated": 0
  }
]